S1	E1	S2	E2	Reference	Contig	IDY	Ambiguous	Best_group
CONTIG	k141_274	517	unaligned
CONTIG	k141_548	560	unaligned
CONTIG	k141_1096	1387	unaligned
CONTIG	k141_1918	1546	unaligned
CONTIG	k141_1371	596	unaligned
CONTIG	k141_1644	1795	unaligned
CONTIG	k141_1645	816	unaligned
CONTIG	k141_275	2041	unaligned
CONTIG	k141_1372	1500	unaligned
CONTIG	k141_4	642	unaligned
CONTIG	k141_1373	908	unaligned
CONTIG	k141_823	789	unaligned
CONTIG	k141_1919	2931	unaligned
CONTIG	k141_1646	701	unaligned
CONTIG	k141_1920	554	unaligned
CONTIG	k141_1647	567	unaligned
CONTIG	k141_5	1051	unaligned
CONTIG	k141_1374	1389	unaligned
CONTIG	k141_825	1241	unaligned
CONTIG	k141_276	2377	unaligned
CONTIG	k141_1648	730	unaligned
CONTIG	k141_549	4776	unaligned
CONTIG	k141_1375	851	unaligned
CONTIG	k141_277	670	unaligned
CONTIG	k141_1649	758	unaligned
CONTIG	k141_1922	1323	unaligned
CONTIG	k141_6	1827	unaligned
CONTIG	k141_279	735	unaligned
CONTIG	k141_551	1145	unaligned
CONTIG	k141_7	1010	unaligned
CONTIG	k141_826	2622	unaligned
CONTIG	k141_1923	1622	unaligned
CONTIG	k141_552	1320	unaligned
CONTIG	k141_280	1679	unaligned
CONTIG	k141_1097	7949	unaligned
CONTIG	k141_1924	670	unaligned
CONTIG	k141_8	1079	unaligned
CONTIG	k141_1376	2602	unaligned
CONTIG	k141_1650	3076	unaligned
CONTIG	k141_827	1778	unaligned
CONTIG	k141_9	974	unaligned
CONTIG	k141_1925	860	unaligned
CONTIG	k141_1099	745	unaligned
CONTIG	k141_553	1696	unaligned
CONTIG	k141_1927	673	unaligned
CONTIG	k141_284	1106	unaligned
CONTIG	k141_829	1015	unaligned
CONTIG	k141_1101	1323	unaligned
CONTIG	k141_1377	2507	unaligned
CONTIG	k141_1928	793	unaligned
CONTIG	k141_10	2529	unaligned
CONTIG	k141_1378	652	unaligned
CONTIG	k141_1653	2018	unaligned
CONTIG	k141_286	593	unaligned
CONTIG	k141_11	558	unaligned
CONTIG	k141_1379	651	unaligned
CONTIG	k141_830	1764	unaligned
CONTIG	k141_287	615	unaligned
CONTIG	k141_1102	1826	unaligned
CONTIG	k141_1380	690	unaligned
CONTIG	k141_1654	1193	unaligned
CONTIG	k141_1931	999	unaligned
CONTIG	k141_1932	720	unaligned
CONTIG	k141_1656	641	unaligned
CONTIG	k141_1103	1708	unaligned
CONTIG	k141_12	2578	unaligned
CONTIG	k141_288	2208	unaligned
CONTIG	k141_1657	928	unaligned
CONTIG	k141_1381	2333	unaligned
CONTIG	k141_1933	1340	unaligned
CONTIG	k141_289	519	unaligned
CONTIG	k141_14	670	unaligned
CONTIG	k141_554	5673	unaligned
CONTIG	k141_1382	844	unaligned
CONTIG	k141_15	614	unaligned
CONTIG	k141_1934	1312	unaligned
CONTIG	k141_1106	1038	unaligned
CONTIG	k141_1383	1161	unaligned
CONTIG	k141_16	1118	unaligned
CONTIG	k141_1107	544	unaligned
CONTIG	k141_555	1509	unaligned
CONTIG	k141_1935	926	unaligned
CONTIG	k141_831	5209	unaligned
CONTIG	k141_17	642	unaligned
CONTIG	k141_1658	3106	unaligned
CONTIG	k141_1385	695	unaligned
CONTIG	k141_290	3068	unaligned
CONTIG	k141_557	712	unaligned
CONTIG	k141_18	576	unaligned
CONTIG	k141_833	628	unaligned
CONTIG	k141_1936	1110	unaligned
CONTIG	k141_1108	1644	unaligned
CONTIG	k141_1659	1079	unaligned
CONTIG	k141_1109	587	unaligned
CONTIG	k141_1387	586	unaligned
CONTIG	k141_836	618	unaligned
CONTIG	k141_559	1141	unaligned
CONTIG	k141_1661	512	unaligned
CONTIG	k141_20	1003	unaligned
CONTIG	k141_1388	608	unaligned
CONTIG	k141_291	2468	unaligned
CONTIG	k141_1111	660	unaligned
CONTIG	k141_1662	563	unaligned
CONTIG	k141_837	941	unaligned
CONTIG	k141_1389	871	unaligned
CONTIG	k141_292	1284	unaligned
CONTIG	k141_560	1896	unaligned
CONTIG	k141_1391	576	unaligned
CONTIG	k141_23	978	unaligned
CONTIG	k141_1112	1760	unaligned
CONTIG	k141_1939	3055	unaligned
CONTIG	k141_1666	1607	unaligned
CONTIG	k141_293	1181	unaligned
CONTIG	k141_1392	1228	unaligned
CONTIG	k141_838	2273	unaligned
CONTIG	k141_1113	1158	unaligned
CONTIG	k141_294	579	unaligned
CONTIG	k141_1114	556	unaligned
CONTIG	k141_27	829	unaligned
CONTIG	k141_295	653	unaligned
CONTIG	k141_1115	878	unaligned
CONTIG	k141_1940	2290	unaligned
CONTIG	k141_28	544	unaligned
CONTIG	k141_296	546	unaligned
CONTIG	k141_839	1908	unaligned
CONTIG	k141_1116	542	unaligned
CONTIG	k141_1395	1650	unaligned
CONTIG	k141_1117	544	unaligned
CONTIG	k141_840	750	unaligned
CONTIG	k141_29	1067	unaligned
CONTIG	k141_1396	542	unaligned
CONTIG	k141_561	4213	unaligned
CONTIG	k141_842	547	unaligned
CONTIG	k141_562	576	unaligned
CONTIG	k141_1668	3483	unaligned
CONTIG	k141_843	537	unaligned
CONTIG	k141_563	659	unaligned
CONTIG	k141_1119	1656	unaligned
CONTIG	k141_844	518	unaligned
CONTIG	k141_30	1881	unaligned
CONTIG	k141_1397	2108	unaligned
CONTIG	k141_1669	1246	unaligned
CONTIG	k141_1120	1249	unaligned
CONTIG	k141_845	1470	unaligned
CONTIG	k141_1671	529	unaligned
CONTIG	k141_564	803	unaligned
CONTIG	k141_1941	4054	unaligned
CONTIG	k141_1399	1212	unaligned
CONTIG	k141_565	693	unaligned
CONTIG	k141_31	2345	unaligned
CONTIG	k141_1400	672	unaligned
CONTIG	k141_298	5116	unaligned
CONTIG	k141_1672	1473	unaligned
CONTIG	k141_847	1165	unaligned
CONTIG	k141_1121	2013	unaligned
CONTIG	k141_1401	565	unaligned
CONTIG	k141_1944	1012	unaligned
CONTIG	k141_1674	632	unaligned
CONTIG	k141_1945	795	unaligned
CONTIG	k141_1403	1003	unaligned
CONTIG	k141_1122	1426	unaligned
CONTIG	k141_300	1710	unaligned
CONTIG	k141_569	1556	unaligned
CONTIG	k141_32	3012	unaligned
CONTIG	k141_1123	726	unaligned
CONTIG	k141_1404	911	unaligned
CONTIG	k141_850	2009	unaligned
CONTIG	k141_570	809	unaligned
CONTIG	k141_1676	1741	unaligned
CONTIG	k141_301	1813	unaligned
CONTIG	k141_34	1083	unaligned
CONTIG	k141_1678	612	unaligned
CONTIG	k141_851	1338	unaligned
CONTIG	k141_571	686	unaligned
CONTIG	k141_1124	1498	unaligned
CONTIG	k141_852	568	unaligned
CONTIG	k141_302	1190	unaligned
CONTIG	k141_1946	3596	unaligned
CONTIG	k141_1405	2661	unaligned
CONTIG	k141_36	675	unaligned
CONTIG	k141_573	1286	unaligned
CONTIG	k141_1948	520	unaligned
CONTIG	k141_303	1426	unaligned
CONTIG	k141_853	1658	unaligned
CONTIG	k141_1126	1052	unaligned
CONTIG	k141_1679	2636	unaligned
CONTIG	k141_1406	1685	unaligned
CONTIG	k141_854	585	unaligned
CONTIG	k141_1680	590	unaligned
CONTIG	k141_1127	739	unaligned
CONTIG	k141_1949	1221	unaligned
CONTIG	k141_575	1003	unaligned
CONTIG	k141_38	1900	unaligned
CONTIG	k141_1128	882	unaligned
CONTIG	k141_304	2081	unaligned
CONTIG	k141_1682	783	unaligned
CONTIG	k141_1950	941	unaligned
CONTIG	k141_1408	1425	unaligned
CONTIG	k141_1129	618	unaligned
CONTIG	k141_577	767	unaligned
CONTIG	k141_306	518	unaligned
CONTIG	k141_40	1127	unaligned
CONTIG	k141_1951	897	unaligned
CONTIG	k141_1683	1245	unaligned
CONTIG	k141_855	2728	unaligned
CONTIG	k141_1130	1417	unaligned
CONTIG	k141_1684	523	unaligned
CONTIG	k141_578	1115	unaligned
CONTIG	k141_1953	668	unaligned
CONTIG	k141_41	751	unaligned
CONTIG	k141_1410	1895	unaligned
CONTIG	k141_1685	836	unaligned
CONTIG	k141_856	690	unaligned
CONTIG	k141_307	2259	unaligned
CONTIG	k141_579	1122	unaligned
CONTIG	k141_1955	843	unaligned
CONTIG	k141_857	700	unaligned
CONTIG	k141_42	1649	unaligned
CONTIG	k141_580	840	unaligned
CONTIG	k141_1687	1164	unaligned
CONTIG	k141_309	824	unaligned
CONTIG	k141_43	733	unaligned
CONTIG	k141_1956	956	unaligned
CONTIG	k141_44	508	unaligned
CONTIG	k141_310	844	unaligned
CONTIG	k141_1688	1089	unaligned
CONTIG	k141_859	1135	unaligned
CONTIG	k141_581	1415	unaligned
CONTIG	k141_1411	3164	unaligned
CONTIG	k141_1132	3650	unaligned
CONTIG	k141_311	907	unaligned
CONTIG	k141_1689	940	unaligned
CONTIG	k141_45	1506	unaligned
CONTIG	k141_1412	840	unaligned
CONTIG	k141_860	1204	unaligned
CONTIG	k141_1133	614	unaligned
CONTIG	k141_583	911	unaligned
CONTIG	k141_1690	1005	unaligned
CONTIG	k141_1413	824	unaligned
CONTIG	k141_47	964	unaligned
CONTIG	k141_1691	521	unaligned
CONTIG	k141_861	1174	unaligned
CONTIG	k141_1414	639	unaligned
CONTIG	k141_585	781	unaligned
CONTIG	k141_1692	503	unaligned
CONTIG	k141_48	616	unaligned
CONTIG	k141_862	546	unaligned
CONTIG	k141_312	2530	unaligned
CONTIG	k141_1415	722	unaligned
CONTIG	k141_586	684	unaligned
CONTIG	k141_1695	501	unaligned
CONTIG	k141_1134	2633	unaligned
CONTIG	k141_313	716	unaligned
CONTIG	k141_49	1053	unaligned
CONTIG	k141_1416	981	unaligned
CONTIG	k141_314	874	unaligned
CONTIG	k141_1957	5691	unaligned
CONTIG	k141_1417	1226	unaligned
CONTIG	k141_587	2137	unaligned
CONTIG	k141_315	768	unaligned
CONTIG	k141_864	2376	unaligned
CONTIG	k141_1135	2169	unaligned
CONTIG	k141_1958	968	unaligned
CONTIG	k141_316	511	unaligned
CONTIG	k141_1418	556	unaligned
CONTIG	k141_1696	2589	unaligned
CONTIG	k141_588	957	unaligned
CONTIG	k141_1136	581	unaligned
CONTIG	k141_317	565	unaligned
CONTIG	k141_865	806	unaligned
CONTIG	k141_318	1008	unaligned
CONTIG	k141_1137	1239	unaligned
CONTIG	k141_1419	1908	unaligned
CONTIG	k141_866	1347	unaligned
CONTIG	k141_319	777	unaligned
CONTIG	k141_867	676	unaligned
CONTIG	k141_1421	589	unaligned
CONTIG	k141_590	2132	unaligned
CONTIG	k141_50	5203	unaligned
CONTIG	k141_1959	3187	unaligned
CONTIG	k141_320	1184	unaligned
CONTIG	k141_1697	3398	unaligned
CONTIG	k141_51	743	unaligned
CONTIG	k141_1698	570	unaligned
CONTIG	k141_1961	1276	unaligned
CONTIG	k141_1700	585	unaligned
CONTIG	k141_52	1814	unaligned
CONTIG	k141_868	3103	unaligned
CONTIG	k141_595	1159	unaligned
CONTIG	k141_1701	920	unaligned
CONTIG	k141_1423	2515	unaligned
CONTIG	k141_321	2781	unaligned
CONTIG	k141_1964	645	unaligned
CONTIG	k141_53	1031	unaligned
CONTIG	k141_869	1131	unaligned
CONTIG	k141_54	536	unaligned
CONTIG	k141_1965	871	unaligned
CONTIG	k141_322	1328	unaligned
CONTIG	k141_597	1738	unaligned
CONTIG	k141_870	1015	unaligned
CONTIG	k141_1424	2176	unaligned
CONTIG	k141_323	500	unaligned
CONTIG	k141_1705	1049	unaligned
CONTIG	k141_598	1027	unaligned
CONTIG	k141_1425	555	unaligned
CONTIG	k141_57	1418	unaligned
CONTIG	k141_1706	797	unaligned
CONTIG	k141_872	1014	unaligned
CONTIG	k141_325	857	unaligned
CONTIG	k141_1707	727	unaligned
CONTIG	k141_58	1131	unaligned
CONTIG	k141_1429	663	unaligned
CONTIG	k141_326	1404	unaligned
CONTIG	k141_61	877	unaligned
CONTIG	k141_875	1772	unaligned
CONTIG	k141_1138	10711	unaligned
CONTIG	k141_1432	813	unaligned
CONTIG	k141_599	3799	unaligned
CONTIG	k141_876	984	unaligned
CONTIG	k141_1433	536	unaligned
CONTIG	k141_1139	1001	unaligned
CONTIG	k141_1140	576	unaligned
CONTIG	k141_66	744	unaligned
CONTIG	k141_1434	1211	unaligned
CONTIG	k141_600	1624	unaligned
CONTIG	k141_1141	881	unaligned
CONTIG	k141_877	1439	unaligned
CONTIG	k141_69	522	unaligned
CONTIG	k141_1435	842	unaligned
CONTIG	k141_601	546	unaligned
CONTIG	k141_1436	894	unaligned
CONTIG	k141_602	743	unaligned
CONTIG	k141_71	1093	unaligned
CONTIG	k141_327	5008	unaligned
CONTIG	k141_1708	5742	unaligned
CONTIG	k141_1142	2340	unaligned
CONTIG	k141_328	502	unaligned
CONTIG	k141_72	759	unaligned
CONTIG	k141_603	715	unaligned
CONTIG	k141_879	768	unaligned
CONTIG	k141_1143	553	unaligned
CONTIG	k141_1709	985	unaligned
CONTIG	k141_880	617	unaligned
CONTIG	k141_604	1039	unaligned
CONTIG	k141_73	1466	unaligned
CONTIG	k141_1441	735	unaligned
CONTIG	k141_881	1001	unaligned
CONTIG	k141_1145	1096	unaligned
CONTIG	k141_74	594	unaligned
CONTIG	k141_1713	557	unaligned
CONTIG	k141_1966	11921	unaligned
CONTIG	k141_882	741	unaligned
CONTIG	k141_1444	565	unaligned
CONTIG	k141_1968	546	unaligned
CONTIG	k141_883	700	unaligned
CONTIG	k141_605	2332	unaligned
CONTIG	k141_1446	693	unaligned
CONTIG	k141_1148	1540	unaligned
CONTIG	k141_1970	557	unaligned
CONTIG	k141_606	792	unaligned
CONTIG	k141_884	1073	unaligned
CONTIG	k141_1971	565	unaligned
CONTIG	k141_1447	1399	unaligned
CONTIG	k141_1716	2389	unaligned
CONTIG	k141_607	1791	unaligned
CONTIG	k141_1972	1496	unaligned
CONTIG	k141_888	1763	unaligned
CONTIG	k141_1149	2559	unaligned
CONTIG	k141_329	7158	unaligned
CONTIG	k141_889	850	unaligned
CONTIG	k141_1720	648	unaligned
CONTIG	k141_75	5548	unaligned
CONTIG	k141_1150	1165	unaligned
CONTIG	k141_610	1145	unaligned
CONTIG	k141_1974	1061	unaligned
CONTIG	k141_891	833	unaligned
CONTIG	k141_76	1256	unaligned
CONTIG	k141_332	978	unaligned
CONTIG	k141_1975	1354	unaligned
CONTIG	k141_611	1584	unaligned
CONTIG	k141_1448	4800	unaligned
CONTIG	k141_333	1050	unaligned
CONTIG	k141_612	597	unaligned
CONTIG	k141_1977	919	unaligned
CONTIG	k141_1152	2615	unaligned
CONTIG	k141_897	926	unaligned
CONTIG	k141_1451	596	unaligned
CONTIG	k141_1978	635	unaligned
CONTIG	k141_77	2844	unaligned
CONTIG	k141_334	1817	unaligned
CONTIG	k141_1725	3272	unaligned
CONTIG	k141_78	744	unaligned
CONTIG	k141_335	550	unaligned
CONTIG	k141_1153	1635	unaligned
CONTIG	k141_898	1658	unaligned
CONTIG	k141_1979	1707	unaligned
CONTIG	k141_1452	1846	unaligned
CONTIG	k141_900	730	unaligned
CONTIG	k141_337	1033	unaligned
CONTIG	k141_1980	687	unaligned
CONTIG	k141_80	1337	unaligned
CONTIG	k141_615	3218	unaligned
CONTIG	k141_1981	689	unaligned
CONTIG	k141_901	1056	unaligned
CONTIG	k141_338	1038	unaligned
CONTIG	k141_616	533	unaligned
CONTIG	k141_1154	2663	unaligned
CONTIG	k141_1731	2220	unaligned
CONTIG	k141_1454	2510	unaligned
CONTIG	k141_81	2025	unaligned
CONTIG	k141_904	915	unaligned
CONTIG	k141_1455	571	unaligned
CONTIG	k141_339	2166	unaligned
CONTIG	k141_617	2077	unaligned
CONTIG	k141_1733	874	unaligned
CONTIG	k141_1456	596	unaligned
CONTIG	k141_82	1509	unaligned
CONTIG	k141_1155	2545	unaligned
CONTIG	k141_618	702	unaligned
CONTIG	k141_1734	760	unaligned
CONTIG	k141_340	1205	unaligned
CONTIG	k141_1982	4115	unaligned
CONTIG	k141_1457	1334	unaligned
CONTIG	k141_1156	808	unaligned
CONTIG	k141_84	1099	unaligned
CONTIG	k141_1458	654	unaligned
CONTIG	k141_1983	1085	unaligned
CONTIG	k141_342	845	unaligned
CONTIG	k141_1738	582	unaligned
CONTIG	k141_1158	960	unaligned
CONTIG	k141_85	999	unaligned
CONTIG	k141_1460	747	unaligned
CONTIG	k141_343	849	unaligned
CONTIG	k141_1739	781	unaligned
CONTIG	k141_1159	793	unaligned
CONTIG	k141_1461	532	unaligned
CONTIG	k141_1984	1485	unaligned
CONTIG	k141_1740	705	unaligned
CONTIG	k141_1985	752	unaligned
CONTIG	k141_1160	992	unaligned
CONTIG	k141_619	4085	unaligned
CONTIG	k141_907	5375	unaligned
CONTIG	k141_86	2205	unaligned
CONTIG	k141_1987	588	unaligned
CONTIG	k141_1161	633	unaligned
CONTIG	k141_1462	1653	unaligned
CONTIG	k141_344	1794	unaligned
CONTIG	k141_908	555	unaligned
CONTIG	k141_620	1140	unaligned
CONTIG	k141_1741	1692	unaligned
CONTIG	k141_345	533	unaligned
CONTIG	k141_1988	1370	unaligned
CONTIG	k141_1463	1004	unaligned
CONTIG	k141_1163	1159	unaligned
CONTIG	k141_346	599	unaligned
CONTIG	k141_1989	725	unaligned
CONTIG	k141_621	1438	unaligned
CONTIG	k141_909	1762	unaligned
CONTIG	k141_87	2684	unaligned
CONTIG	k141_347	500	unaligned
CONTIG	k141_622	551	unaligned
CONTIG	k141_1464	1674	unaligned
CONTIG	k141_1165	1422	unaligned
CONTIG	k141_1991	1239	unaligned
CONTIG	k141_1466	507	unaligned
CONTIG	k141_624	752	unaligned
CONTIG	k141_910	1860	unaligned
CONTIG	k141_1992	583	unaligned
CONTIG	k141_90	1400	unaligned
CONTIG	k141_348	1992	unaligned
CONTIG	k141_625	1072	unaligned
CONTIG	k141_1993	783	unaligned
CONTIG	k141_349	572	unaligned
CONTIG	k141_1167	1677	unaligned
CONTIG	k141_91	1050	unaligned
CONTIG	k141_626	575	unaligned
CONTIG	k141_911	1465	unaligned
CONTIG	k141_1994	1037	unaligned
CONTIG	k141_92	542	unaligned
CONTIG	k141_627	993	unaligned
CONTIG	k141_1744	4839	unaligned
CONTIG	k141_1467	3369	unaligned
CONTIG	k141_350	2319	unaligned
CONTIG	k141_1995	1464	unaligned
CONTIG	k141_912	1808	unaligned
CONTIG	k141_1168	2315	unaligned
CONTIG	k141_1745	1589	unaligned
CONTIG	k141_1468	1387	unaligned
CONTIG	k141_1997	507	unaligned
CONTIG	k141_630	996	unaligned
CONTIG	k141_1169	897	unaligned
CONTIG	k141_1469	519	unaligned
CONTIG	k141_93	3037	unaligned
CONTIG	k141_913	1435	unaligned
CONTIG	k141_351	1874	unaligned
CONTIG	k141_1746	1003	unaligned
CONTIG	k141_1170	686	unaligned
CONTIG	k141_94	834	unaligned
CONTIG	k141_1470	1444	unaligned
CONTIG	k141_96	645	unaligned
CONTIG	k141_1471	919	unaligned
CONTIG	k141_632	1907	unaligned
CONTIG	k141_1171	1789	unaligned
CONTIG	k141_1747	1818	unaligned
CONTIG	k141_353	1700	unaligned
CONTIG	k141_97	1446	unaligned
CONTIG	k141_1172	785	unaligned
CONTIG	k141_1748	1001	unaligned
CONTIG	k141_634	830	unaligned
CONTIG	k141_354	1002	unaligned
CONTIG	k141_1472	1588	unaligned
CONTIG	k141_1174	796	unaligned
CONTIG	k141_1473	709	unaligned
CONTIG	k141_356	516	unaligned
CONTIG	k141_1751	1481	unaligned
CONTIG	k141_357	870	unaligned
CONTIG	k141_101	1522	unaligned
CONTIG	k141_1998	6885	unaligned
CONTIG	k141_1755	599	unaligned
CONTIG	k141_104	956	unaligned
CONTIG	k141_358	1008	unaligned
CONTIG	k141_636	4214	unaligned
CONTIG	k141_915	6965	unaligned
CONTIG	k141_1474	3714	unaligned
CONTIG	k141_1756	1582	unaligned
CONTIG	k141_1999	2155	unaligned
CONTIG	k141_359	1358	unaligned
CONTIG	k141_916	586	unaligned
CONTIG	k141_106	2052	unaligned
CONTIG	k141_1758	1429	unaligned
CONTIG	k141_639	1730	unaligned
CONTIG	k141_1175	6401	unaligned
CONTIG	k141_2000	1578	unaligned
CONTIG	k141_917	2232	unaligned
CONTIG	k141_1176	828	unaligned
CONTIG	k141_640	1186	unaligned
CONTIG	k141_1477	2515	unaligned
CONTIG	k141_2001	1292	unaligned
CONTIG	k141_1177	710	unaligned
CONTIG	k141_641	664	unaligned
CONTIG	k141_1478	564	unaligned
CONTIG	k141_1759	2013	unaligned
CONTIG	k141_1178	604	unaligned
CONTIG	k141_107	2768	unaligned
CONTIG	k141_918	2404	unaligned
CONTIG	k141_1761	818	unaligned
CONTIG	k141_2002	1976	unaligned
CONTIG	k141_1179	1403	unaligned
CONTIG	k141_1479	1677	unaligned
CONTIG	k141_919	878	unaligned
CONTIG	k141_109	1059	unaligned
CONTIG	k141_1762	1263	unaligned
CONTIG	k141_643	2668	unaligned
CONTIG	k141_1481	808	unaligned
CONTIG	k141_2003	1679	unaligned
CONTIG	k141_110	1332	unaligned
CONTIG	k141_2004	539	unaligned
CONTIG	k141_920	1918	unaligned
CONTIG	k141_2005	507	unaligned
CONTIG	k141_1180	2260	unaligned
CONTIG	k141_360	7489	unaligned
CONTIG	k141_111	962	unaligned
CONTIG	k141_645	1492	unaligned
CONTIG	k141_1181	972	unaligned
CONTIG	k141_1482	2103	unaligned
CONTIG	k141_361	531	unaligned
CONTIG	k141_922	796	unaligned
CONTIG	k141_1763	2397	unaligned
CONTIG	k141_646	604	unaligned
CONTIG	k141_1483	577	unaligned
CONTIG	k141_1182	940	unaligned
CONTIG	k141_923	513	unaligned
CONTIG	k141_362	1182	unaligned
CONTIG	k141_2008	987	unaligned
CONTIG	k141_647	820	unaligned
CONTIG	k141_363	582	unaligned
CONTIG	k141_1184	541	unaligned
CONTIG	k141_1765	884	unaligned
CONTIG	k141_648	723	unaligned
CONTIG	k141_927	790	unaligned
CONTIG	k141_649	685	unaligned
CONTIG	k141_112	4494	unaligned
CONTIG	k141_1766	1284	unaligned
CONTIG	k141_650	530	unaligned
CONTIG	k141_1485	2451	unaligned
CONTIG	k141_113	586	unaligned
CONTIG	k141_2010	2181	unaligned
CONTIG	k141_364	1979	unaligned
CONTIG	k141_651	662	unaligned
CONTIG	k141_1486	577	unaligned
CONTIG	k141_1768	677	unaligned
CONTIG	k141_1186	2240	unaligned
CONTIG	k141_114	787	unaligned
CONTIG	k141_365	713	unaligned
CONTIG	k141_929	1712	unaligned
CONTIG	k141_652	1048	unaligned
CONTIG	k141_366	676	unaligned
CONTIG	k141_2011	1528	unaligned
CONTIG	k141_1487	1340	unaligned
CONTIG	k141_115	1219	unaligned
CONTIG	k141_1769	1504	unaligned
CONTIG	k141_931	595	unaligned
CONTIG	k141_367	508	unaligned
CONTIG	k141_116	653	unaligned
CONTIG	k141_932	570	unaligned
CONTIG	k141_653	1329	unaligned
CONTIG	k141_1489	766	unaligned
CONTIG	k141_933	702	unaligned
CONTIG	k141_2012	1806	unaligned
CONTIG	k141_117	1176	unaligned
CONTIG	k141_1490	582	unaligned
CONTIG	k141_934	601	unaligned
CONTIG	k141_1189	2259	unaligned
CONTIG	k141_368	1598	unaligned
CONTIG	k141_654	831	unaligned
CONTIG	k141_1190	772	unaligned
CONTIG	k141_2013	1404	unaligned
CONTIG	k141_118	1512	unaligned
CONTIG	k141_369	1365	unaligned
CONTIG	k141_1492	1218	unaligned
CONTIG	k141_1191	1114	unaligned
CONTIG	k141_2015	913	unaligned
CONTIG	k141_370	941	unaligned
CONTIG	k141_1193	528	unaligned
CONTIG	k141_2016	641	unaligned
CONTIG	k141_935	3383	unaligned
CONTIG	k141_2018	550	unaligned
CONTIG	k141_371	1092	unaligned
CONTIG	k141_655	3362	unaligned
CONTIG	k141_1195	649	unaligned
CONTIG	k141_2019	546	unaligned
CONTIG	k141_372	528	unaligned
CONTIG	k141_656	574	unaligned
CONTIG	k141_937	662	unaligned
CONTIG	k141_1196	857	unaligned
CONTIG	k141_119	3500	unaligned
CONTIG	k141_1494	2727	unaligned
CONTIG	k141_2020	1277	unaligned
CONTIG	k141_1771	6770	unaligned
CONTIG	k141_1197	645	unaligned
CONTIG	k141_120	675	unaligned
CONTIG	k141_1772	556	unaligned
CONTIG	k141_1198	528	unaligned
CONTIG	k141_2021	900	unaligned
CONTIG	k141_940	673	unaligned
CONTIG	k141_657	2106	unaligned
CONTIG	k141_1495	1597	unaligned
CONTIG	k141_374	1987	unaligned
CONTIG	k141_658	544	unaligned
CONTIG	k141_1199	1635	unaligned
CONTIG	k141_121	1980	unaligned
CONTIG	k141_659	568	unaligned
CONTIG	k141_1496	881	unaligned
CONTIG	k141_2022	1716	unaligned
CONTIG	k141_941	1557	unaligned
CONTIG	k141_1773	2798	unaligned
CONTIG	k141_660	715	unaligned
CONTIG	k141_1201	976	unaligned
CONTIG	k141_375	1835	unaligned
CONTIG	k141_942	799	unaligned
CONTIG	k141_1774	556	unaligned
CONTIG	k141_2023	1018	unaligned
CONTIG	k141_1775	554	unaligned
CONTIG	k141_376	775	unaligned
CONTIG	k141_661	1405	unaligned
CONTIG	k141_122	2511	unaligned
CONTIG	k141_377	1147	unaligned
CONTIG	k141_1497	2790	unaligned
CONTIG	k141_943	1839	unaligned
CONTIG	k141_2026	703	unaligned
CONTIG	k141_123	693	unaligned
CONTIG	k141_1780	546	unaligned
CONTIG	k141_1202	2626	unaligned
CONTIG	k141_1498	594	unaligned
CONTIG	k141_378	1068	unaligned
CONTIG	k141_944	538	unaligned
CONTIG	k141_662	1681	unaligned
CONTIG	k141_379	519	unaligned
CONTIG	k141_2027	1149	unaligned
CONTIG	k141_1782	531	unaligned
CONTIG	k141_663	502	unaligned
CONTIG	k141_124	1586	unaligned
CONTIG	k141_1500	896	unaligned
CONTIG	k141_381	689	unaligned
CONTIG	k141_2028	812	unaligned
CONTIG	k141_664	724	unaligned
CONTIG	k141_1205	633	unaligned
CONTIG	k141_382	541	unaligned
CONTIG	k141_945	1817	unaligned
CONTIG	k141_126	588	unaligned
CONTIG	k141_1206	607	unaligned
CONTIG	k141_1784	1422	unaligned
CONTIG	k141_946	635	unaligned
CONTIG	k141_665	1084	unaligned
CONTIG	k141_384	686	unaligned
CONTIG	k141_1785	598	unaligned
CONTIG	k141_127	895	unaligned
CONTIG	k141_2029	1764	unaligned
CONTIG	k141_1207	993	unaligned
CONTIG	k141_1786	634	unaligned
CONTIG	k141_385	836	unaligned
CONTIG	k141_1208	657	unaligned
CONTIG	k141_129	631	unaligned
CONTIG	k141_666	1485	unaligned
CONTIG	k141_1502	2558	unaligned
CONTIG	k141_386	532	unaligned
CONTIG	k141_2031	647	unaligned
CONTIG	k141_130	758	unaligned
CONTIG	k141_1503	599	unaligned
CONTIG	k141_668	570	unaligned
CONTIG	k141_131	572	unaligned
CONTIG	k141_387	1017	unaligned
CONTIG	k141_1209	1680	unaligned
CONTIG	k141_2032	922	unaligned
CONTIG	k141_388	650	unaligned
CONTIG	k141_1787	2298	unaligned
CONTIG	k141_1210	761	unaligned
CONTIG	k141_1505	856	unaligned
CONTIG	k141_669	1483	unaligned
CONTIG	k141_133	785	unaligned
CONTIG	k141_947	4173	unaligned
CONTIG	k141_2034	657	unaligned
CONTIG	k141_1211	551	unaligned
CONTIG	k141_1506	671	unaligned
CONTIG	k141_134	697	unaligned
CONTIG	k141_2035	517	unaligned
CONTIG	k141_389	1699	unaligned
CONTIG	k141_135	618	unaligned
CONTIG	k141_670	1484	unaligned
CONTIG	k141_1789	2163	unaligned
CONTIG	k141_2038	556	unaligned
CONTIG	k141_1212	1796	unaligned
CONTIG	k141_672	561	unaligned
CONTIG	k141_390	710	unaligned
CONTIG	k141_1213	891	unaligned
CONTIG	k141_1507	2311	unaligned
CONTIG	k141_949	2282	unaligned
CONTIG	k141_1790	882	unaligned
CONTIG	k141_2039	1107	unaligned
CONTIG	k141_950	549	unaligned
CONTIG	k141_1508	777	unaligned
CONTIG	k141_674	1127	unaligned
CONTIG	k141_391	1033	unaligned
CONTIG	k141_136	2729	unaligned
CONTIG	k141_1214	815	unaligned
CONTIG	k141_1791	1132	unaligned
CONTIG	k141_392	540	unaligned
CONTIG	k141_675	642	unaligned
CONTIG	k141_2040	1027	unaligned
CONTIG	k141_393	510	unaligned
CONTIG	k141_1509	1026	unaligned
CONTIG	k141_1215	684	unaligned
CONTIG	k141_951	1122	unaligned
CONTIG	k141_137	1232	unaligned
CONTIG	k141_2041	594	unaligned
CONTIG	k141_676	658	unaligned
CONTIG	k141_138	509	unaligned
CONTIG	k141_2042	542	unaligned
CONTIG	k141_1216	910	unaligned
CONTIG	k141_1792	1936	unaligned
CONTIG	k141_1510	1405	unaligned
CONTIG	k141_139	1063	unaligned
CONTIG	k141_2043	956	unaligned
CONTIG	k141_395	1391	unaligned
CONTIG	k141_1217	1181	unaligned
CONTIG	k141_1793	651	unaligned
CONTIG	k141_396	572	unaligned
CONTIG	k141_140	823	unaligned
CONTIG	k141_1794	516	unaligned
CONTIG	k141_678	1715	unaligned
CONTIG	k141_1218	611	unaligned
CONTIG	k141_397	524	unaligned
CONTIG	k141_2045	694	unaligned
CONTIG	k141_141	852	unaligned
CONTIG	k141_1796	698	unaligned
CONTIG	k141_679	707	unaligned
CONTIG	k141_1512	2394	unaligned
CONTIG	k141_958	1061	unaligned
CONTIG	k141_2046	1147	unaligned
CONTIG	k141_680	758	unaligned
CONTIG	k141_399	1325	unaligned
CONTIG	k141_1513	1052	unaligned
CONTIG	k141_1219	2315	unaligned
CONTIG	k141_144	1320	unaligned
CONTIG	k141_400	650	unaligned
CONTIG	k141_2048	1190	unaligned
CONTIG	k141_959	1826	unaligned
CONTIG	k141_1221	550	unaligned
CONTIG	k141_681	1893	unaligned
CONTIG	k141_146	751	unaligned
CONTIG	k141_401	1213	unaligned
CONTIG	k141_682	501	unaligned
CONTIG	k141_962	503	unaligned
CONTIG	k141_2050	549	unaligned
CONTIG	k141_147	814	unaligned
CONTIG	k141_1797	3971	unaligned
CONTIG	k141_963	616	unaligned
CONTIG	k141_1222	1600	unaligned
CONTIG	k141_685	534	unaligned
CONTIG	k141_148	1170	unaligned
CONTIG	k141_2051	1686	unaligned
CONTIG	k141_1799	1000	unaligned
CONTIG	k141_965	1032	unaligned
CONTIG	k141_687	953	unaligned
CONTIG	k141_1514	4511	unaligned
CONTIG	k141_405	1881	unaligned
CONTIG	k141_966	803	unaligned
CONTIG	k141_1223	2311	unaligned
CONTIG	k141_1802	885	unaligned
CONTIG	k141_688	1384	unaligned
CONTIG	k141_406	1449	unaligned
CONTIG	k141_1803	773	unaligned
CONTIG	k141_151	1863	unaligned
CONTIG	k141_969	968	unaligned
CONTIG	k141_1517	1517	unaligned
CONTIG	k141_1225	1373	unaligned
CONTIG	k141_970	578	unaligned
CONTIG	k141_407	1118	unaligned
CONTIG	k141_971	535	unaligned
CONTIG	k141_1226	1102	unaligned
CONTIG	k141_408	737	unaligned
CONTIG	k141_690	2133	unaligned
CONTIG	k141_1804	2007	unaligned
CONTIG	k141_692	525	unaligned
CONTIG	k141_409	1335	unaligned
CONTIG	k141_152	2929	unaligned
CONTIG	k141_972	2318	unaligned
CONTIG	k141_153	782	unaligned
CONTIG	k141_411	647	unaligned
CONTIG	k141_2053	6585	unaligned
CONTIG	k141_973	694	unaligned
CONTIG	k141_1806	2100	unaligned
CONTIG	k141_412	585	unaligned
CONTIG	k141_1518	4108	unaligned
CONTIG	k141_1807	540	unaligned
CONTIG	k141_974	1142	unaligned
CONTIG	k141_1519	624	unaligned
CONTIG	k141_1808	610	unaligned
CONTIG	k141_2054	1755	unaligned
CONTIG	k141_414	1265	unaligned
CONTIG	k141_975	834	unaligned
CONTIG	k141_1228	4185	unaligned
CONTIG	k141_154	2554	unaligned
CONTIG	k141_1809	672	unaligned
CONTIG	k141_1520	1057	unaligned
CONTIG	k141_976	528	unaligned
CONTIG	k141_2055	1173	unaligned
CONTIG	k141_1229	1055	unaligned
CONTIG	k141_155	595	unaligned
CONTIG	k141_1521	959	unaligned
CONTIG	k141_1811	757	unaligned
CONTIG	k141_977	1069	unaligned
CONTIG	k141_2057	560	unaligned
CONTIG	k141_417	780	unaligned
CONTIG	k141_158	531	unaligned
CONTIG	k141_1812	1013	unaligned
CONTIG	k141_1230	1566	unaligned
CONTIG	k141_978	915	unaligned
CONTIG	k141_419	757	unaligned
CONTIG	k141_159	619	unaligned
CONTIG	k141_1522	1918	unaligned
CONTIG	k141_2058	1559	unaligned
CONTIG	k141_1231	780	unaligned
CONTIG	k141_980	715	unaligned
CONTIG	k141_160	720	unaligned
CONTIG	k141_2059	590	unaligned
CONTIG	k141_982	596	unaligned
CONTIG	k141_1813	2460	unaligned
CONTIG	k141_2060	1155	unaligned
CONTIG	k141_1232	1794	unaligned
CONTIG	k141_420	2708	unaligned
CONTIG	k141_1525	1193	unaligned
CONTIG	k141_1233	563	unaligned
CONTIG	k141_983	1366	unaligned
CONTIG	k141_1526	520	unaligned
CONTIG	k141_1234	668	unaligned
CONTIG	k141_2061	1561	unaligned
CONTIG	k141_1527	848	unaligned
CONTIG	k141_162	2885	unaligned
CONTIG	k141_984	1197	unaligned
CONTIG	k141_1818	908	unaligned
CONTIG	k141_421	1845	unaligned
CONTIG	k141_2063	935	unaligned
CONTIG	k141_422	627	unaligned
CONTIG	k141_1529	823	unaligned
CONTIG	k141_693	12664	unaligned
CONTIG	k141_423	516	unaligned
CONTIG	k141_163	1577	unaligned
CONTIG	k141_1236	2430	unaligned
CONTIG	k141_1530	1431	unaligned
CONTIG	k141_694	1298	unaligned
CONTIG	k141_1819	2299	unaligned
CONTIG	k141_424	1114	unaligned
CONTIG	k141_164	1069	unaligned
CONTIG	k141_1237	527	unaligned
CONTIG	k141_2064	2175	unaligned
CONTIG	k141_1531	621	unaligned
CONTIG	k141_165	791	unaligned
CONTIG	k141_425	1303	unaligned
CONTIG	k141_695	1599	unaligned
CONTIG	k141_2065	941	unaligned
CONTIG	k141_1238	1218	unaligned
CONTIG	k141_1821	1156	unaligned
CONTIG	k141_696	533	unaligned
CONTIG	k141_1532	1520	unaligned
CONTIG	k141_1822	519	unaligned
CONTIG	k141_697	873	unaligned
CONTIG	k141_427	1040	unaligned
CONTIG	k141_166	2064	unaligned
CONTIG	k141_1239	1773	unaligned
CONTIG	k141_1823	1302	unaligned
CONTIG	k141_698	843	unaligned
CONTIG	k141_2067	1472	unaligned
CONTIG	k141_429	920	unaligned
CONTIG	k141_168	588	unaligned
CONTIG	k141_1825	544	unaligned
CONTIG	k141_700	758	unaligned
CONTIG	k141_430	641	unaligned
CONTIG	k141_2068	885	unaligned
CONTIG	k141_1240	1938	unaligned
CONTIG	k141_1826	1099	unaligned
CONTIG	k141_2069	740	unaligned
CONTIG	k141_1241	529	unaligned
CONTIG	k141_1827	509	unaligned
CONTIG	k141_170	1286	unaligned
CONTIG	k141_701	1692	unaligned
CONTIG	k141_431	1542	unaligned
CONTIG	k141_985	9113	unaligned
CONTIG	k141_2070	1201	unaligned
CONTIG	k141_702	527	unaligned
CONTIG	k141_432	592	unaligned
CONTIG	k141_1533	5103	unaligned
CONTIG	k141_2071	507	unaligned
CONTIG	k141_433	506	unaligned
CONTIG	k141_1829	1123	unaligned
CONTIG	k141_1242	1877	unaligned
CONTIG	k141_703	676	unaligned
CONTIG	k141_987	740	unaligned
CONTIG	k141_1831	579	unaligned
CONTIG	k141_171	2826	unaligned
CONTIG	k141_435	882	unaligned
CONTIG	k141_1535	1808	unaligned
CONTIG	k141_2074	922	unaligned
CONTIG	k141_1536	640	unaligned
CONTIG	k141_2075	574	unaligned
CONTIG	k141_1832	1526	unaligned
CONTIG	k141_436	1215	unaligned
CONTIG	k141_174	738	unaligned
CONTIG	k141_988	2724	unaligned
CONTIG	k141_1245	748	unaligned
CONTIG	k141_704	2735	unaligned
CONTIG	k141_1833	801	unaligned
CONTIG	k141_175	1060	unaligned
CONTIG	k141_989	1260	unaligned
CONTIG	k141_2076	2344	unaligned
CONTIG	k141_437	2109	unaligned
CONTIG	k141_1538	2224	unaligned
CONTIG	k141_1835	1515	unaligned
CONTIG	k141_990	1094	unaligned
CONTIG	k141_177	1340	unaligned
CONTIG	k141_438	907	unaligned
CONTIG	k141_1539	964	unaligned
CONTIG	k141_705	2904	unaligned
CONTIG	k141_991	914	unaligned
CONTIG	k141_2077	1537	unaligned
CONTIG	k141_179	511	unaligned
CONTIG	k141_439	538	unaligned
CONTIG	k141_1540	569	unaligned
CONTIG	k141_706	684	unaligned
CONTIG	k141_2078	822	unaligned
CONTIG	k141_708	501	unaligned
CONTIG	k141_1542	1011	unaligned
CONTIG	k141_181	1164	unaligned
CONTIG	k141_2079	1057	unaligned
CONTIG	k141_992	2013	unaligned
CONTIG	k141_441	1475	unaligned
CONTIG	k141_1836	3379	unaligned
CONTIG	k141_709	1415	unaligned
CONTIG	k141_1543	1223	unaligned
CONTIG	k141_2080	1247	unaligned
CONTIG	k141_1544	1014	unaligned
CONTIG	k141_2081	724	unaligned
CONTIG	k141_182	2467	unaligned
CONTIG	k141_710	1830	unaligned
CONTIG	k141_443	1970	unaligned
CONTIG	k141_993	2928	unaligned
CONTIG	k141_1837	2738	unaligned
CONTIG	k141_711	1124	unaligned
CONTIG	k141_994	683	unaligned
CONTIG	k141_2082	1825	unaligned
CONTIG	k141_712	537	unaligned
CONTIG	k141_995	607	unaligned
CONTIG	k141_184	2093	unaligned
CONTIG	k141_1838	1539	unaligned
CONTIG	k141_996	1135	unaligned
CONTIG	k141_1545	3633	unaligned
CONTIG	k141_444	2959	unaligned
CONTIG	k141_187	571	unaligned
CONTIG	k141_714	1373	unaligned
CONTIG	k141_2085	1138	unaligned
CONTIG	k141_997	805	unaligned
CONTIG	k141_1546	696	unaligned
CONTIG	k141_715	787	unaligned
CONTIG	k141_2086	545	unaligned
CONTIG	k141_189	619	unaligned
CONTIG	k141_999	560	unaligned
CONTIG	k141_1547	842	unaligned
CONTIG	k141_1839	2377	unaligned
CONTIG	k141_716	677	unaligned
CONTIG	k141_2087	692	unaligned
CONTIG	k141_190	637	unaligned
CONTIG	k141_445	1801	unaligned
CONTIG	k141_1000	873	unaligned
CONTIG	k141_1548	933	unaligned
CONTIG	k141_1246	13405	unaligned
CONTIG	k141_1840	1100	unaligned
CONTIG	k141_1001	721	unaligned
CONTIG	k141_1841	574	unaligned
CONTIG	k141_1549	1054	unaligned
CONTIG	k141_1247	1507	unaligned
CONTIG	k141_446	1460	unaligned
CONTIG	k141_1842	749	unaligned
CONTIG	k141_2090	1439	unaligned
CONTIG	k141_717	2595	unaligned
CONTIG	k141_1248	628	unaligned
CONTIG	k141_447	568	unaligned
CONTIG	k141_1843	518	unaligned
CONTIG	k141_1002	1954	unaligned
CONTIG	k141_192	2493	unaligned
CONTIG	k141_718	670	unaligned
CONTIG	k141_1552	1265	unaligned
CONTIG	k141_193	663	unaligned
CONTIG	k141_1844	1489	unaligned
CONTIG	k141_719	1267	unaligned
CONTIG	k141_2091	2304	unaligned
CONTIG	k141_448	2323	unaligned
CONTIG	k141_1846	611	unaligned
CONTIG	k141_2092	535	unaligned
CONTIG	k141_195	1353	unaligned
CONTIG	k141_1004	2506	unaligned
CONTIG	k141_2093	775	unaligned
CONTIG	k141_451	550	unaligned
CONTIG	k141_720	1508	unaligned
CONTIG	k141_1556	1272	unaligned
CONTIG	k141_197	526	unaligned
CONTIG	k141_1005	541	unaligned
CONTIG	k141_2094	574	unaligned
CONTIG	k141_1250	3427	unaligned
CONTIG	k141_452	948	unaligned
CONTIG	k141_1006	646	unaligned
CONTIG	k141_198	1157	unaligned
CONTIG	k141_1557	1438	unaligned
CONTIG	k141_1848	2282	unaligned
CONTIG	k141_1007	686	unaligned
CONTIG	k141_199	587	unaligned
CONTIG	k141_722	1665	unaligned
CONTIG	k141_1558	541	unaligned
CONTIG	k141_453	1293	unaligned
CONTIG	k141_1251	1851	unaligned
CONTIG	k141_1559	576	unaligned
CONTIG	k141_1008	848	unaligned
CONTIG	k141_1252	516	unaligned
CONTIG	k141_200	1161	unaligned
CONTIG	k141_723	1199	unaligned
CONTIG	k141_1009	536	unaligned
CONTIG	k141_454	1229	unaligned
CONTIG	k141_1253	814	unaligned
CONTIG	k141_455	652	unaligned
CONTIG	k141_1010	962	unaligned
CONTIG	k141_724	1207	unaligned
CONTIG	k141_1254	1119	unaligned
CONTIG	k141_456	750	unaligned
CONTIG	k141_725	677	unaligned
CONTIG	k141_1012	697	unaligned
CONTIG	k141_457	680	unaligned
CONTIG	k141_726	642	unaligned
CONTIG	k141_2095	4949	unaligned
CONTIG	k141_201	2834	unaligned
CONTIG	k141_1255	1265	unaligned
CONTIG	k141_1014	585	unaligned
CONTIG	k141_459	632	unaligned
CONTIG	k141_2096	545	unaligned
CONTIG	k141_727	966	unaligned
CONTIG	k141_1256	772	unaligned
CONTIG	k141_1560	4044	unaligned
CONTIG	k141_202	992	unaligned
CONTIG	k141_2097	949	unaligned
CONTIG	k141_1015	1245	unaligned
CONTIG	k141_1257	1104	unaligned
CONTIG	k141_2099	981	unaligned
CONTIG	k141_1017	954	unaligned
CONTIG	k141_203	1738	unaligned
CONTIG	k141_1564	700	unaligned
CONTIG	k141_1850	6504	unaligned
CONTIG	k141_1018	528	unaligned
CONTIG	k141_1259	1269	unaligned
CONTIG	k141_461	3272	unaligned
CONTIG	k141_1019	789	unaligned
CONTIG	k141_204	1387	unaligned
CONTIG	k141_1852	669	unaligned
CONTIG	k141_1565	1120	unaligned
CONTIG	k141_729	3562	unaligned
CONTIG	k141_205	560	unaligned
CONTIG	k141_462	690	unaligned
CONTIG	k141_2100	2258	unaligned
CONTIG	k141_1020	1021	unaligned
CONTIG	k141_1261	1064	unaligned
CONTIG	k141_464	528	unaligned
CONTIG	k141_206	774	unaligned
CONTIG	k141_1566	1186	unaligned
CONTIG	k141_2101	734	unaligned
CONTIG	k141_1855	669	unaligned
CONTIG	k141_1262	1185	unaligned
CONTIG	k141_207	1001	unaligned
CONTIG	k141_1857	647	unaligned
CONTIG	k141_730	1868	unaligned
CONTIG	k141_465	1547	unaligned
CONTIG	k141_1263	743	unaligned
CONTIG	k141_208	537	unaligned
CONTIG	k141_1858	658	unaligned
CONTIG	k141_2104	1313	unaligned
CONTIG	k141_1265	506	unaligned
CONTIG	k141_1860	531	unaligned
CONTIG	k141_1021	3431	unaligned
CONTIG	k141_209	1480	unaligned
CONTIG	k141_731	1901	unaligned
CONTIG	k141_1861	591	unaligned
CONTIG	k141_1567	3158	unaligned
CONTIG	k141_2105	942	unaligned
CONTIG	k141_466	1688	unaligned
CONTIG	k141_210	896	unaligned
CONTIG	k141_467	502	unaligned
CONTIG	k141_1022	1527	unaligned
CONTIG	k141_1568	1173	unaligned
CONTIG	k141_468	644	unaligned
CONTIG	k141_1862	1646	unaligned
CONTIG	k141_211	1363	unaligned
CONTIG	k141_1024	648	unaligned
CONTIG	k141_2106	2554	unaligned
CONTIG	k141_1025	681	unaligned
CONTIG	k141_1266	4440	unaligned
CONTIG	k141_1027	744	unaligned
CONTIG	k141_1863	1928	unaligned
CONTIG	k141_736	1884	unaligned
CONTIG	k141_212	2223	unaligned
CONTIG	k141_1267	904	unaligned
CONTIG	k141_1028	864	unaligned
CONTIG	k141_1573	1729	unaligned
CONTIG	k141_469	3154	unaligned
CONTIG	k141_1029	573	unaligned
CONTIG	k141_1865	1271	unaligned
CONTIG	k141_737	1532	unaligned
CONTIG	k141_1030	831	unaligned
CONTIG	k141_2107	2962	unaligned
CONTIG	k141_1269	1226	unaligned
CONTIG	k141_1031	532	unaligned
CONTIG	k141_214	1833	unaligned
CONTIG	k141_470	712	unaligned
CONTIG	k141_738	829	unaligned
CONTIG	k141_1575	1436	unaligned
CONTIG	k141_1866	1184	unaligned
CONTIG	k141_471	721	unaligned
CONTIG	k141_1272	566	unaligned
CONTIG	k141_1867	731	unaligned
CONTIG	k141_2109	1427	unaligned
CONTIG	k141_216	757	unaligned
CONTIG	k141_1577	600	unaligned
CONTIG	k141_741	576	unaligned
CONTIG	k141_2110	588	unaligned
CONTIG	k141_1868	937	unaligned
CONTIG	k141_472	1316	unaligned
CONTIG	k141_1273	1084	unaligned
CONTIG	k141_1578	1000	unaligned
CONTIG	k141_217	1135	unaligned
CONTIG	k141_1869	733	unaligned
CONTIG	k141_742	1162	unaligned
CONTIG	k141_2111	951	unaligned
CONTIG	k141_1870	631	unaligned
CONTIG	k141_218	1029	unaligned
CONTIG	k141_2112	741	unaligned
CONTIG	k141_744	1078	unaligned
CONTIG	k141_1871	880	unaligned
CONTIG	k141_2113	584	unaligned
CONTIG	k141_219	1118	unaligned
CONTIG	k141_1580	2163	unaligned
CONTIG	k141_1872	707	unaligned
CONTIG	k141_745	966	unaligned
CONTIG	k141_473	3233	unaligned
CONTIG	k141_1032	5896	unaligned
CONTIG	k141_220	1139	unaligned
CONTIG	k141_746	992	unaligned
CONTIG	k141_1582	1146	unaligned
CONTIG	k141_221	545	unaligned
CONTIG	k141_1034	534	unaligned
CONTIG	k141_1274	5065	unaligned
CONTIG	k141_747	1060	unaligned
CONTIG	k141_222	697	unaligned
CONTIG	k141_1275	620	unaligned
CONTIG	k141_1583	1154	unaligned
CONTIG	k141_476	1094	unaligned
CONTIG	k141_1036	955	unaligned
CONTIG	k141_1874	1929	unaligned
CONTIG	k141_748	1295	unaligned
CONTIG	k141_1037	630	unaligned
CONTIG	k141_1875	646	unaligned
CONTIG	k141_479	557	unaligned
CONTIG	k141_225	548	unaligned
CONTIG	k141_749	1094	unaligned
CONTIG	k141_1876	972	unaligned
CONTIG	k141_1038	1195	unaligned
CONTIG	k141_226	525	unaligned
CONTIG	k141_480	920	unaligned
CONTIG	k141_1039	740	unaligned
CONTIG	k141_750	1159	unaligned
CONTIG	k141_2119	2637	unaligned
CONTIG	k141_228	736	unaligned
CONTIG	k141_1585	3507	unaligned
CONTIG	k141_2120	705	unaligned
CONTIG	k141_1280	2357	unaligned
CONTIG	k141_229	809	unaligned
CONTIG	k141_1586	868	unaligned
CONTIG	k141_1040	1629	unaligned
CONTIG	k141_1878	2183	unaligned
CONTIG	k141_1281	598	unaligned
CONTIG	k141_1282	559	unaligned
CONTIG	k141_1879	816	unaligned
CONTIG	k141_2122	1243	unaligned
CONTIG	k141_752	2486	unaligned
CONTIG	k141_230	1867	unaligned
CONTIG	k141_1041	1498	unaligned
CONTIG	k141_481	3497	unaligned
CONTIG	k141_1284	666	unaligned
CONTIG	k141_1881	653	unaligned
CONTIG	k141_1587	1743	unaligned
CONTIG	k141_2123	1328	unaligned
CONTIG	k141_1285	592	unaligned
CONTIG	k141_1588	696	unaligned
CONTIG	k141_754	1346	unaligned
CONTIG	k141_1882	1148	unaligned
CONTIG	k141_1286	1036	unaligned
CONTIG	k141_483	1382	unaligned
CONTIG	k141_1589	937	unaligned
CONTIG	k141_1287	595	unaligned
CONTIG	k141_2124	1702	unaligned
CONTIG	k141_1884	1382	unaligned
CONTIG	k141_233	2634	unaligned
CONTIG	k141_757	1060	unaligned
CONTIG	k141_1042	3269	unaligned
CONTIG	k141_234	550	unaligned
CONTIG	k141_1593	763	unaligned
CONTIG	k141_1289	1541	unaligned
CONTIG	k141_758	820	unaligned
CONTIG	k141_2125	1840	unaligned
CONTIG	k141_235	765	unaligned
CONTIG	k141_1290	776	unaligned
CONTIG	k141_1594	1178	unaligned
CONTIG	k141_1044	1263	unaligned
CONTIG	k141_236	600	unaligned
CONTIG	k141_2126	881	unaligned
CONTIG	k141_1291	505	unaligned
CONTIG	k141_1885	2399	unaligned
CONTIG	k141_1045	593	unaligned
CONTIG	k141_761	1108	unaligned
CONTIG	k141_1595	1056	unaligned
CONTIG	k141_485	3978	unaligned
CONTIG	k141_1886	1040	unaligned
CONTIG	k141_2127	970	unaligned
CONTIG	k141_1596	546	unaligned
CONTIG	k141_762	850	unaligned
CONTIG	k141_238	1458	unaligned
CONTIG	k141_1046	1117	unaligned
CONTIG	k141_239	536	unaligned
CONTIG	k141_1597	655	unaligned
CONTIG	k141_1888	586	unaligned
CONTIG	k141_763	548	unaligned
CONTIG	k141_486	1564	unaligned
CONTIG	k141_1598	607	unaligned
CONTIG	k141_1047	1231	unaligned
CONTIG	k141_1889	1096	unaligned
CONTIG	k141_240	1460	unaligned
CONTIG	k141_1048	595	unaligned
CONTIG	k141_1600	717	unaligned
CONTIG	k141_1890	617	unaligned
CONTIG	k141_2129	2238	unaligned
CONTIG	k141_488	1502	unaligned
CONTIG	k141_1050	610	unaligned
CONTIG	k141_1601	1273	unaligned
CONTIG	k141_1293	4801	unaligned
CONTIG	k141_489	851	unaligned
CONTIG	k141_765	2119	unaligned
CONTIG	k141_1891	1012	unaligned
CONTIG	k141_2131	959	unaligned
CONTIG	k141_1602	826	unaligned
CONTIG	k141_1294	1103	unaligned
CONTIG	k141_241	2814	unaligned
CONTIG	k141_2133	514	unaligned
CONTIG	k141_766	1124	unaligned
CONTIG	k141_1892	1270	unaligned
CONTIG	k141_242	642	unaligned
CONTIG	k141_1053	1429	unaligned
CONTIG	k141_1893	529	unaligned
CONTIG	k141_1604	1040	unaligned
CONTIG	k141_2134	1027	unaligned
CONTIG	k141_1894	1061	unaligned
CONTIG	k141_244	1393	unaligned
CONTIG	k141_767	2639	unaligned
CONTIG	k141_1295	3062	unaligned
CONTIG	k141_490	4000	unaligned
CONTIG	k141_1605	2132	unaligned
CONTIG	k141_245	634	unaligned
CONTIG	k141_1895	1719	unaligned
CONTIG	k141_1296	631	unaligned
CONTIG	k141_1058	1416	unaligned
CONTIG	k141_246	556	unaligned
CONTIG	k141_1896	919	unaligned
CONTIG	k141_1297	995	unaligned
CONTIG	k141_1059	1019	unaligned
CONTIG	k141_769	1596	unaligned
CONTIG	k141_2135	3920	unaligned
CONTIG	k141_248	1015	unaligned
CONTIG	k141_1898	524	unaligned
CONTIG	k141_1298	832	unaligned
CONTIG	k141_1060	1073	unaligned
CONTIG	k141_249	585	unaligned
CONTIG	k141_774	679	unaligned
CONTIG	k141_1902	1152	unaligned
CONTIG	k141_2137	2555	unaligned
CONTIG	k141_1903	1031	unaligned
CONTIG	k141_1299	3233	unaligned
CONTIG	k141_2138	586	unaligned
CONTIG	k141_1300	520	unaligned
CONTIG	k141_1301	574	unaligned
CONTIG	k141_491	6697	unaligned
CONTIG	k141_1904	1597	unaligned
CONTIG	k141_1302	766	unaligned
CONTIG	k141_2139	1673	unaligned
CONTIG	k141_776	3155	unaligned
CONTIG	k141_492	1202	unaligned
CONTIG	k141_1062	4991	unaligned
CONTIG	k141_2140	879	unaligned
CONTIG	k141_1303	1136	unaligned
CONTIG	k141_1907	1281	unaligned
CONTIG	k141_1606	8859	unaligned
CONTIG	k141_493	1213	unaligned
CONTIG	k141_1064	512	unaligned
CONTIG	k141_1908	547	unaligned
CONTIG	k141_777	1771	unaligned
CONTIG	k141_1304	1138	unaligned
CONTIG	k141_1065	590	unaligned
CONTIG	k141_494	817	unaligned
CONTIG	k141_2141	1700	unaligned
CONTIG	k141_1608	1148	unaligned
CONTIG	k141_251	7599	unaligned
CONTIG	k141_780	610	unaligned
CONTIG	k141_496	793	unaligned
CONTIG	k141_2143	559	unaligned
CONTIG	k141_1305	527	unaligned
CONTIG	k141_497	672	unaligned
CONTIG	k141_1306	560	unaligned
CONTIG	k141_781	912	unaligned
CONTIG	k141_1066	2019	unaligned
CONTIG	k141_1307	642	unaligned
CONTIG	k141_2144	1109	unaligned
CONTIG	k141_782	588	unaligned
CONTIG	k141_1609	2354	unaligned
CONTIG	k141_2145	767	unaligned
CONTIG	k141_783	816	unaligned
CONTIG	k141_1610	659	unaligned
CONTIG	k141_2146	1106	unaligned
CONTIG	k141_1069	1579	unaligned
CONTIG	k141_1309	2285	unaligned
CONTIG	k141_1070	587	unaligned
CONTIG	k141_254	2867	unaligned
CONTIG	k141_1613	1308	unaligned
CONTIG	k141_1310	582	unaligned
CONTIG	k141_784	2140	unaligned
CONTIG	k141_255	509	unaligned
CONTIG	k141_2149	650	unaligned
CONTIG	k141_1614	518	unaligned
CONTIG	k141_1909	6461	unaligned
CONTIG	k141_1615	519	unaligned
CONTIG	k141_785	979	unaligned
CONTIG	k141_1071	1652	unaligned
CONTIG	k141_1910	555	unaligned
CONTIG	k141_1313	658	unaligned
CONTIG	k141_1616	532	unaligned
CONTIG	k141_786	502	unaligned
CONTIG	k141_2152	1072	unaligned
CONTIG	k141_498	5833	unaligned
CONTIG	k141_1617	622	unaligned
CONTIG	k141_1073	500	unaligned
CONTIG	k141_1314	776	unaligned
CONTIG	k141_787	674	unaligned
CONTIG	k141_1911	1275	unaligned
CONTIG	k141_2153	647	unaligned
CONTIG	k141_256	2500	unaligned
CONTIG	k141_1618	648	unaligned
CONTIG	k141_2154	707	unaligned
CONTIG	k141_1075	665	unaligned
CONTIG	k141_1076	577	unaligned
CONTIG	k141_499	2270	unaligned
CONTIG	k141_1317	1022	unaligned
CONTIG	k141_788	1585	unaligned
CONTIG	k141_1620	1414	unaligned
CONTIG	k141_500	738	unaligned
CONTIG	k141_2157	832	unaligned
CONTIG	k141_257	2350	unaligned
CONTIG	k141_1912	2105	unaligned
CONTIG	k141_501	814	unaligned
CONTIG	k141_1079	511	unaligned
CONTIG	k141_1621	1573	unaligned
CONTIG	k141_1318	1061	unaligned
CONTIG	k141_1913	1218	unaligned
CONTIG	k141_1914	874	unaligned
CONTIG	k141_2158	2463	unaligned
CONTIG	k141_1081	1149	unaligned
CONTIG	k141_1622	542	unaligned
CONTIG	k141_258	2997	unaligned
CONTIG	k141_502	3081	unaligned
CONTIG	k141_1321	1839	unaligned
CONTIG	k141_1917	887	unaligned
CONTIG	k141_1623	1229	unaligned
CONTIG	k141_789	3680	unaligned
CONTIG	k141_1082	1995	unaligned
CONTIG	k141_790	522	unaligned
CONTIG	k141_503	1386	unaligned
CONTIG	k141_1322	614	unaligned
CONTIG	k141_1084	627	unaligned
CONTIG	k141_260	2504	unaligned
CONTIG	k141_792	582	unaligned
CONTIG	k141_1085	517	unaligned
CONTIG	k141_2160	3844	unaligned
CONTIG	k141_506	1639	unaligned
CONTIG	k141_261	1186	unaligned
CONTIG	k141_1323	524	unaligned
CONTIG	k141_1630	1124	unaligned
CONTIG	k141_507	915	unaligned
CONTIG	k141_2162	527	unaligned
CONTIG	k141_262	656	unaligned
CONTIG	k141_1324	503	unaligned
CONTIG	k141_508	914	unaligned
CONTIG	k141_263	539	unaligned
CONTIG	k141_794	1937	unaligned
CONTIG	k141_1086	998	unaligned
CONTIG	k141_2163	761	unaligned
CONTIG	k141_1325	609	unaligned
CONTIG	k141_1631	1570	unaligned
CONTIG	k141_264	1127	unaligned
CONTIG	k141_2164	986	unaligned
CONTIG	k141_1326	1032	unaligned
CONTIG	k141_1327	513	unaligned
CONTIG	k141_2165	876	unaligned
CONTIG	k141_1328	513	unaligned
CONTIG	k141_1329	539	unaligned
CONTIG	k141_266	1261	unaligned
CONTIG	k141_512	1923	unaligned
CONTIG	k141_2167	852	unaligned
CONTIG	k141_796	1723	unaligned
CONTIG	k141_1330	540	unaligned
CONTIG	k141_1632	2586	unaligned
CONTIG	k141_2168	842	unaligned
CONTIG	k141_797	1078	unaligned
CONTIG	k141_513	1776	unaligned
CONTIG	k141_1333	814	unaligned
CONTIG	k141_1636	641	unaligned
CONTIG	k141_267	539	unaligned
CONTIG	k141_268	599	unaligned
CONTIG	k141_1637	802	unaligned
CONTIG	k141_515	804	unaligned
CONTIG	k141_269	675	unaligned
CONTIG	k141_799	1962	unaligned
CONTIG	k141_1334	1621	unaligned
CONTIG	k141_1088	5672	unaligned
CONTIG	k141_271	545	unaligned
CONTIG	k141_1335	920	unaligned
CONTIG	k141_800	1071	unaligned
CONTIG	k141_1089	991	unaligned
CONTIG	k141_1336	650	unaligned
CONTIG	k141_801	547	unaligned
CONTIG	k141_802	542	unaligned
CONTIG	k141_1638	2981	unaligned
CONTIG	k141_1094	789	unaligned
CONTIG	k141_2170	730	unaligned
CONTIG	k141_516	3412	unaligned
CONTIG	k141_1640	554	unaligned
CONTIG	k141_804	573	unaligned
CONTIG	k141_517	621	unaligned
CONTIG	k141_273	2871	unaligned
CONTIG	k141_1337	2229	unaligned
CONTIG	k141_518	1576	unaligned
CONTIG	k141_1641	1934	unaligned
CONTIG	k141_1339	1404	unaligned
CONTIG	k141_519	1808	unaligned
CONTIG	k141_1340	1267	unaligned
CONTIG	k141_1642	1775	unaligned
CONTIG	k141_520	1343	unaligned
CONTIG	k141_807	4199	unaligned
CONTIG	k141_808	838	unaligned
CONTIG	k141_521	1775	unaligned
CONTIG	k141_522	603	unaligned
CONTIG	k141_1342	3815	unaligned
CONTIG	k141_524	1135	unaligned
CONTIG	k141_525	1049	unaligned
CONTIG	k141_810	3031	unaligned
CONTIG	k141_811	778	unaligned
CONTIG	k141_812	687	unaligned
CONTIG	k141_1343	2737	unaligned
CONTIG	k141_2171	8019	unaligned
CONTIG	k141_813	578	unaligned
CONTIG	k141_2172	575	unaligned
CONTIG	k141_815	675	unaligned
CONTIG	k141_1344	1860	unaligned
CONTIG	k141_2174	1177	unaligned
CONTIG	k141_1345	550	unaligned
CONTIG	k141_527	4719	unaligned
CONTIG	k141_528	619	unaligned
CONTIG	k141_1347	958	unaligned
CONTIG	k141_529	778	unaligned
CONTIG	k141_2175	2415	unaligned
CONTIG	k141_531	596	unaligned
CONTIG	k141_2177	742	unaligned
CONTIG	k141_1349	1923	unaligned
CONTIG	k141_816	6477	unaligned
CONTIG	k141_1350	538	unaligned
CONTIG	k141_2179	1859	unaligned
CONTIG	k141_817	1637	unaligned
CONTIG	k141_818	1241	unaligned
CONTIG	k141_1351	2378	unaligned
CONTIG	k141_1352	566	unaligned
CONTIG	k141_532	2153	unaligned
CONTIG	k141_533	952	unaligned
CONTIG	k141_819	3195	unaligned
CONTIG	k141_534	1352	unaligned
CONTIG	k141_820	921	unaligned
CONTIG	k141_535	725	unaligned
CONTIG	k141_1353	3360	unaligned
CONTIG	k141_537	1123	unaligned
CONTIG	k141_1354	1336	unaligned
CONTIG	k141_1355	1331	unaligned
CONTIG	k141_538	2983	unaligned
CONTIG	k141_539	835	unaligned
CONTIG	k141_2182	1525	unaligned
CONTIG	k141_1357	2108	unaligned
CONTIG	k141_2184	740	unaligned
CONTIG	k141_1359	1483	unaligned
CONTIG	k141_2186	1552	unaligned
CONTIG	k141_540	3470	unaligned
CONTIG	k141_2188	694	unaligned
CONTIG	k141_2189	593	unaligned
CONTIG	k141_1361	2350	unaligned
CONTIG	k141_1362	559	unaligned
CONTIG	k141_2190	679	unaligned
CONTIG	k141_543	1395	unaligned
CONTIG	k141_544	835	unaligned
CONTIG	k141_2191	1561	unaligned
CONTIG	k141_1363	2409	unaligned
CONTIG	k141_545	1571	unaligned
CONTIG	k141_1364	2203	unaligned
CONTIG	k141_546	1597	unaligned
CONTIG	k141_1365	1059	unaligned
CONTIG	k141_547	1330	unaligned
CONTIG	k141_1366	580	unaligned
CONTIG	k141_1367	766	unaligned
CONTIG	k141_1368	753	unaligned
CONTIG	k141_1369	622	unaligned
